Applied PR #10 - Thu Jan 22 22:18:05 UTC 2026
Applied PR #11 - Thu Jan 22 22:36:55 UTC 2026
Applied PR #12 - Thu Jan 22 23:06:18 UTC 2026
Applied PR #13 - Thu Jan 22 23:26:43 UTC 2026
Applied PR #14 - Thu Jan 22 23:46:24 UTC 2026
Applied PR #15 - Fri Jan 23 00:55:09 UTC 2026
Applied PR #16 - Fri Jan 23 05:45:37 UTC 2026
Applied PR #17 - Fri Jan 23 06:05:13 UTC 2026
Applied PR #18 - Fri Jan 23 07:25:43 UTC 2026
Applied PR #20 - Fri Jan 23 09:09:16 UTC 2026
Applied PR #21 - Fri Jan 23 10:16:12 UTC 2026
Applied PR #22 - Fri Jan 23 10:30:28 UTC 2026
Applied PR #23 - Fri Jan 23 10:45:47 UTC 2026
Applied PR #24 - Fri Jan 23 12:07:45 UTC 2026
Applied PR #25 - Fri Jan 23 12:23:50 UTC 2026
Applied PR #26 - Fri Jan 23 12:37:28 UTC 2026
Applied PR #27 - Fri Jan 23 13:08:31 UTC 2026
Applied PR #28 - Fri Jan 23 14:49:43 UTC 2026
Applied PR #29 - Fri Jan 23 14:49:57 UTC 2026
Applied PR #30 - Fri Jan 23 15:29:40 UTC 2026
Applied PR #31 - Fri Jan 23 16:08:35 UTC 2026
Applied PR #32 - Fri Jan 23 18:53:21 UTC 2026
Applied PR #33 - Fri Jan 23 19:12:30 UTC 2026
Applied PR #35 - Fri Jan 23 19:38:02 UTC 2026
Applied PR #36 - Fri Jan 23 19:48:55 UTC 2026
Applied PR #37 - Fri Jan 23 20:04:22 UTC 2026
Applied PR #38 - Fri Jan 23 23:22:23 UTC 2026
Applied PR #39 - Fri Jan 23 23:37:09 UTC 2026
Applied PR #40 - Sat Jan 24 00:07:08 UTC 2026
Applied PR #41 - Sat Jan 24 00:39:44 UTC 2026
Applied PR #42 - Sat Jan 24 00:52:42 UTC 2026
Applied PR #43 - Sat Jan 24 01:11:12 UTC 2026
Applied PR #44 - Sat Jan 24 14:02:16 UTC 2026
Applied PR #45 - Sat Jan 24 15:16:47 UTC 2026
Applied PR #46 - Sat Jan 24 15:49:26 UTC 2026
Applied PR #47 - Sat Jan 24 17:23:53 UTC 2026
Applied PR #48 - Sat Jan 24 17:56:01 UTC 2026
Applied PR #49 - Sat Jan 24 22:23:39 UTC 2026
Applied PR #50 - Sat Jan 24 22:30:30 UTC 2026
Applied PR #52 - Sat Jan 24 22:33:41 UTC 2026
Applied PR #53 - Sat Jan 24 22:34:38 UTC 2026
Applied PR #54 - Sat Jan 24 22:35:35 UTC 2026
Applied PR #56 - Sat Jan 24 22:37:11 UTC 2026
Applied PR #57 - Sat Jan 24 22:42:21 UTC 2026
Applied PR #58 - Sat Jan 24 23:09:16 UTC 2026
Applied PR #60 - Sat Jan 24 23:41:10 UTC 2026
Applied PR #61 - Sat Jan 24 23:51:30 UTC 2026
Applied PR #62 - Sun Jan 25 00:18:37 UTC 2026
Applied PR #63 - Sun Jan 25 00:30:56 UTC 2026
Applied PR #64 - Sun Jan 25 00:51:07 UTC 2026
Applied PR #65 - Sun Jan 25 01:00:31 UTC 2026
Applied PR #66 - Sun Jan 25 01:19:55 UTC 2026
Applied PR #67 - Sun Jan 25 01:38:40 UTC 2026
Applied PR #68 - Sun Jan 25 02:06:20 UTC 2026
Applied PR #69 - Sun Jan 25 02:41:41 UTC 2026
Applied PR #70 - Sun Jan 25 03:08:46 UTC 2026
Applied PR #71 - Sun Jan 25 03:28:44 UTC 2026
Applied PR #72 - Sun Jan 25 03:42:28 UTC 2026
Applied PR #73 - Sun Jan 25 03:56:15 UTC 2026
Applied PR #74 - Sun Jan 25 04:12:55 UTC 2026
Applied PR #75 - Sun Jan 25 04:35:10 UTC 2026
Applied PR #76 - Sun Jan 25 04:52:25 UTC 2026
Applied PR #77 - Sun Jan 25 05:09:32 UTC 2026
Applied PR #78 - Sun Jan 25 05:17:58 UTC 2026
Applied PR #79 - Sun Jan 25 05:44:24 UTC 2026
Applied PR #80 - Sun Jan 25 06:05:36 UTC 2026
Applied PR #81 - Sun Jan 25 06:17:12 UTC 2026
Applied PR #82 - Sun Jan 25 06:26:08 UTC 2026
Applied PR #83 - Sun Jan 25 06:37:59 UTC 2026
Applied PR #84 - Sun Jan 25 06:50:57 UTC 2026
Applied PR #85 - Sun Jan 25 07:10:33 UTC 2026
